"company","title","location","job_url","job_type","site","date_posted"
"SuitePad GmbH","Full Stack Engineer (m/f/x)","Berlin, BE, DE","https://de.indeed.com/viewjob?jk=e27e414013bedbb4","fulltime","indeed","2026-08-17"
"SmartBroker","Data Team Lead – Analytics Platform (m/f/d)","Berlin, BE, DE","https://de.indeed.com/viewjob?jk=d9e3c681bf49adea","fulltime","indeed","2026-08-17"
"Heidi","Design Quality Engineer","Berlin, BE, DE","https://de.indeed.com/viewjob?jk=3353021e1d25cfbf","fulltime","indeed","2026-08-16"
"Gallmond GmbH","System Engineer (m/w/d) - IT & Cloud-Services","Berlin, BE, DE","https://de.indeed.com/viewjob?jk=3704862998f2ca80","","indeed","2026-08-16"
"Bundesdruckerei-Gruppe","Senior Solution Manager - Wallet Ecosystem (m/w/d)","Berlin, BE, DE","https://de.indeed.com/viewjob?jk=4d39f316738dc3b0","","indeed","2026-08-16"
"PwC Deutschland","Backend-Developer - Public Sector & Energy (w/m/d)","Berlin, Berlin, Germany","https://www.linkedin.com/jobs/view/4407014822","","linkedin","2026-08-15"
"Bundesdruckerei-Gruppe","DevOps Engineer (m/w/d)","Berlin, BE, DE","https://de.indeed.com/viewjob?jk=c11a34c6a7998981","","indeed","2026-08-15"
"PwC Deutschland","DevOps-Engineer - Public Sector & Energy (w/m/d)","Berlin, Berlin, Germany","https://www.linkedin.com/jobs/view/4407006944","","linkedin","2026-08-15"
"SAP","Senior DevOps Engineer (f/m/d)","Berlin, Berlin, Germany","https://www.linkedin.com/jobs/view/4328171813","","linkedin","2026-08-15"
"Bundesdruckerei-Gruppe","Senior Datacenter Engineer (m/w/d)","Berlin, BE, DE","https://de.indeed.com/viewjob?jk=1860f3369bf584e7","","indeed","2026-08-15"
"home24 SE","IT System Operations Engineer (m/f/d)","Berlin, Berlin, Germany","https://www.linkedin.com/jobs/view/4373542566","","linkedin","2026-08-15"
"Databricks","Staff Software Engineer - Backend","Berlin, Berlin, Germany","https://www.linkedin.com/jobs/view/4347962410","","linkedin","2026-08-15"
"Buena","Senior Software Engineer (m/f/d)","Berlin, Berlin, Germany","https://www.linkedin.com/jobs/view/4451703510","","linkedin","2026-08-15"
"Data4Life","Senior Full-Stack Developer (f/m/x)","Berlin, Berlin, Germany","https://www.linkedin.com/jobs/view/4451701511","","linkedin","2026-08-15"
"MeisterSystems","Softwareentwickler (m/w/d)","Berlin, Berlin, Germany","https://www.linkedin.com/jobs/view/4451292644","","linkedin","2026-08-15"
"Deutsche Bahn","Softwareentwickler:in Java und CMS","Berlin, Berlin, Germany","https://www.linkedin.com/jobs/view/4454851791","","linkedin","2026-08-15"
"OPITZ CONSULTING Deutschland GmbH","Platform Architect (all genders)","Berlin, BE, DE","https://de.indeed.com/viewjob?jk=e536a0ab7abf43fa","","indeed","2026-08-14"
"SmartBroker","(Sr.) Data Engineer (m/f/d)","Berlin, BE, DE","https://de.indeed.com/viewjob?jk=3db8c4fa7cc561c1","fulltime","indeed","2026-08-14"
"JD.com","Software Engineer","Berlin, BE, DE","https://de.indeed.com/viewjob?jk=1ee7e9ededb102e5","fulltime","indeed","2026-08-14"
"Qorelo","Product Manager - SAP (m/f/d)","Berlin, BE, DE","https://de.indeed.com/viewjob?jk=7e8eaaee28bc88ee","fulltime","indeed","2026-08-14"
"Kertos","Head of Product (all genders)","Berlin, BE, DE","https://de.indeed.com/viewjob?jk=a8c5166223af3222","fulltime","indeed","2026-08-14"
"SKD SE","Data Operations & Labeling Specialist (all genders)","Berlin, BE, DE","https://de.indeed.com/viewjob?jk=cc0c5586dc034711","fulltime","indeed","2026-08-14"
"K-tronik GmbH","Senior Embedded Software Engineer (m/w/x) - Hardwarenahe Entwicklung / Rust & C++","Berlin, BE, DE","https://de.indeed.com/viewjob?jk=f3829c45a6543a3b","","indeed","2026-08-14"
"","Cloud Engineer werden – beruflicher Neustart in der IT, 100 % remote (m/w/d)","Berlin, BE, DE","https://de.indeed.com/viewjob?jk=c79ae1c8545c6216","fulltime","indeed","2026-08-14"
"Hostaway","Senior Backend Engineer, Integrations - 100% Remote - EMEA","Berlin, BE, DE","https://de.indeed.com/viewjob?jk=fd8085a8b1df3f80","fulltime","indeed","2026-08-14"
"Doctolib","Fullstack Software Engineer - React, Kotlin & Ruby on Rails (x/f/m)","Berlin, BE, DE","https://de.indeed.com/viewjob?jk=1ae5add7d228682e","fulltime","indeed","2026-08-14"
"N26","Backend Engineer - Lending","Berlin, BE, DE","https://de.indeed.com/viewjob?jk=a98094261d2ff07a","","indeed","2026-08-14"
"Bundesdruckerei-Gruppe","Senior Test Automation Engineer (m/w/d)","Berlin, BE, DE","https://de.indeed.com/viewjob?jk=a6fd96f19b476df4","","indeed","2026-08-14"
"Iris-GmbH Infrared & Intelligent Sensors","IT Systems Engineer (m/w/d) – Infrastruktur & Kundenprojekte","Berlin, BE, DE","https://de.indeed.com/viewjob?jk=8b87632b472180ad","","indeed","2026-08-14"
"Bundesdruckerei-Gruppe","Senior Test Automation Engineer (m/w/d)","Berlin, BE, DE","https://de.indeed.com/viewjob?jk=467320b5519695f7","fulltime","indeed","2026-08-14"
"Moss","Applied AI Engineer","Berlin, BE, DE","https://de.indeed.com/viewjob?jk=81336d2e2cafdbfe","fulltime","indeed","2026-08-14"
"smartclip","Software Engineer API (f/m/d) - Node.js, SQL","Berlin, Germany","https://www.linkedin.com/jobs/view/4338938704","","linkedin","2026-08-14"
"Doctolib","Fullstack Software Engineer  - React, Kotlin & Ruby on Rails (x/f/m)","Berlin, Berlin, Germany","https://www.linkedin.com/jobs/view/4454514377","","linkedin","2026-08-14"
"LiveEO","Full Stack Engineer","Berlin, Germany","https://www.linkedin.com/jobs/view/4454543451","","linkedin","2026-08-14"
"YPOG","Full-Stack Developer (m/w/d)","Berlin, Berlin, Germany","https://www.linkedin.com/jobs/view/4454572538","","linkedin","2026-08-14"
"Springer Nature","Senior Frontend Developer","Berlin, BE, DE","https://de.indeed.com/viewjob?jk=935ad7205c3565cc","fulltime","indeed","2026-08-14"
"10bis תן ביס","Java Software Developer","Berlin, Berlin, Germany","https://www.linkedin.com/jobs/view/4444062367","","linkedin","2026-08-14"
"SAP","DevOps Engineer - Sovereign Cloud Delivery Germany (m/f/d)","Berlin, Berlin, Germany","https://www.linkedin.com/jobs/view/4444383015","","linkedin","2026-08-14"
"Instaffo","DevOps Engineer (w/m/d) - Google Cloud Platform","Berlin, Berlin, Germany","https://www.linkedin.com/jobs/view/4394651784","","linkedin","2026-08-14"
"smartclip","DevOps Engineer (f/m/d) - Google Cloud Platform","Berlin, Germany","https://www.linkedin.com/jobs/view/4391585486","","linkedin","2026-08-14"
"Cell Labs","Brand & Communications Lead","Berlin, BE, DE","https://de.indeed.com/viewjob?jk=f594240aa7813966","fulltime","indeed","2026-08-14"
"BWI GmbH","(Senior) System Engineer - Planung Unified Communication (UC) Voice & Video (m/w/d)","Berlin, BE, DE","https://de.indeed.com/viewjob?jk=0715828cbb8dd455","","indeed","2026-08-14"
"BABBEL","Senior Infrastructure / DX Engineer – Platform (all genders)","Berlin, BE, DE","https://de.indeed.com/viewjob?jk=d6d354a9db929166","fulltime","indeed","2026-08-14"
"adesso SE","Inhouse System Engineer Endpoint-Management (all genders)","Berlin, Berlin, Germany","https://www.linkedin.com/jobs/view/4453595161","","linkedin","2026-08-14"
"BWI GmbH","System Engineer E-Mail (m/w/d)","Berlin, Berlin, Germany","https://www.linkedin.com/jobs/view/4454556490","","linkedin","2026-08-14"
"ALTEN","Systemingenieur Multidomain Directional Communications Development (all gender)","Berlin, Germany","https://www.linkedin.com/jobs/view/4438072199","","linkedin","2026-08-14"
"iris-GmbH infrared & intelligent sensors","IT Systems Engineer (m/w/d) – Infrastruktur & Kundenprojekte","Berlin, Germany","https://www.linkedin.com/jobs/view/4453570802","","linkedin","2026-08-14"
"Ratiodata","M365 System Engineer – Schwerpunkt Teams und Communication (m/w/d)","Berlin, Berlin, Germany","https://www.linkedin.com/jobs/view/4426071116","","linkedin","2026-08-14"
"Ratiodata","M365 System Engineer – Schwerpunkt Teams und Collaboration (m/w/d)","Berlin, Berlin, Germany","https://www.linkedin.com/jobs/view/4426065184","","linkedin","2026-08-14"
"IONOS","System Administrator (f/m/d) - Defense Products","Berlin, Berlin, Germany","https://www.linkedin.com/jobs/view/4451216336","","linkedin","2026-08-14"
"Zalando","Backend Engineer - ZEOS (all genders)","Berlin, Germany","https://www.linkedin.com/jobs/view/4444926688","","linkedin","2026-08-14"
"idealo internet GmbH","Senior Software Engineer - Backend (m|w|d)","Berlin, Berlin, Germany","https://www.linkedin.com/jobs/view/4406955301","","linkedin","2026-08-14"
"N26","Backend Engineer - Lending","Berlin, Germany","https://www.linkedin.com/jobs/view/4454500757","","linkedin","2026-08-14"
"AUTO1 Group","Senior Java Engineer, Retail (f/m/x)","Berlin, Berlin, Germany","https://www.linkedin.com/jobs/view/4415613941","","linkedin","2026-08-14"
"","Full-Stack Developer (m/w/d)","Berlin, BE, DE","https://de.indeed.com/viewjob?jk=9ff0cfad754f1aab","parttime, fulltime","indeed","2026-08-14"
"FUNKE","Fullstack Engineer - TypeScript & AWS (m/w/d)","Berlin, Germany","https://www.linkedin.com/jobs/view/4226324531","","linkedin","2026-08-14"
"PAIR Finance GmbH","Data Scientist (f/m/d)","Berlin, BE, DE","https://de.indeed.com/viewjob?jk=abef8fe5f39822ad","fulltime","indeed","2026-08-14"
"Findr","Backend Engineer – Python, AI, Greenfield – Berlin Hybrid – €80,000","Berlin, Germany","https://www.linkedin.com/jobs/view/4454537534","","linkedin","2026-08-14"
"LiveEO","Data Engineer (f/m/x)","Berlin, Berlin, Germany","https://www.linkedin.com/jobs/view/4443269348","","linkedin","2026-08-14"
"Moonfare","Data Engineer (f/m/d)","Berlin, Berlin, Germany","https://www.linkedin.com/jobs/view/4453595003","","linkedin","2026-08-14"
"PERGOLUX","Data Engineer","Berlin, Berlin, Germany","https://www.linkedin.com/jobs/view/4424087674","","linkedin","2026-08-14"
"FYTA","Data Engineer (m/f/d)","Berlin, Berlin, Germany","https://www.linkedin.com/jobs/view/4451218532","","linkedin","2026-08-14"
"Solandeo","Senior Fullstack Developer (Mensch)","Berlin, Berlin, Germany","https://www.linkedin.com/jobs/view/4440143212","","linkedin","2026-08-14"
"smalt","Forward Deployed Engineer (m/f/d)","Berlin, BE, DE","https://de.indeed.com/viewjob?jk=2b3957db04e010e7","fulltime","indeed","2026-08-13"
"QuantumBlack, AI by McKinsey","Software Engineer - QuantumBlack, AI by McKinsey","Berlin, Berlin, Germany","https://www.linkedin.com/jobs/view/4436125301","","linkedin","2026-08-13"
"qlub","Software Engineer - AI Native Development","Berlin, Berlin, Germany","https://www.linkedin.com/jobs/view/4452774512","","linkedin","2026-08-13"
"Amazon","Software Development Engineer, Fire TV","Berlin, Germany","https://www.linkedin.com/jobs/view/4453605578","","linkedin","2026-08-13"
"adesso SE","Software Engineer Smalltalk (all genders)","Berlin, Berlin, Germany","https://www.linkedin.com/jobs/view/4415925122","","linkedin","2026-08-13"
"Lieferando","Java Software Developer","Berlin, BE, DE","https://de.indeed.com/viewjob?jk=acc8204552eb5ab9","fulltime","indeed","2026-08-13"
"MOIA GmbH","(Senior) Backend Software Engineer (all genders) - Vehicle Perception","Berlin, BE, DE","https://de.indeed.com/viewjob?jk=c91cda4d568acb19","","indeed","2026-08-13"
"Digital Turbine","Senior Mobile Engineer (m/f/d)","Berlin, BE, DE","https://de.indeed.com/viewjob?jk=c5563bca4b8c8ec3","fulltime","indeed","2026-08-13"
"Digital Turbine","Senior Full Stack Engineer (m/f/d)","Berlin, BE, DE","https://de.indeed.com/viewjob?jk=aeb1916f9da625ef","fulltime","indeed","2026-08-13"
"BWI GmbH","Senior Platform Engineer (m/w/d)","Berlin, BE, DE","https://de.indeed.com/viewjob?jk=fd943f7e433ec044","fulltime","indeed","2026-08-13"
"MOIA GmbH","(Senior) Data Platform Engineer (all genders) - Parental leave cover 12 months","Berlin, BE, DE","https://de.indeed.com/viewjob?jk=435aa137e18e1545","","indeed","2026-08-13"
"Trust In SODA","DevOps Engineer","Berlin, Germany","https://www.linkedin.com/jobs/view/4452918496","","linkedin","2026-08-13"
"EWE Go GmbH","DevOps Engineer (w/d/m)","Berlin, Berlin, Germany","https://www.linkedin.com/jobs/view/4452910056","","linkedin","2026-08-13"
"UP42","Cloud Engineer (m/f/x)","Berlin, Berlin, Germany","https://www.linkedin.com/jobs/view/4450490686","","linkedin","2026-08-13"
"Thales","DevOps Engineer","Berlin, Berlin, Germany","https://www.linkedin.com/jobs/view/4425638707","","linkedin","2026-08-13"
"Thales","DevSecOps Engineer (m/w/d)","Berlin, Berlin, Germany","https://www.linkedin.com/jobs/view/4425644368","","linkedin","2026-08-13"
"Sony Interactive Entertainment","Site Reliability Engineer","Berlin, Berlin, Germany","https://www.linkedin.com/jobs/view/4412043803","","linkedin","2026-08-13"
"Riverty","Cloud Engineer (Tenant) (m/f/d)","Berlin, Germany","https://www.linkedin.com/jobs/view/4454042326","","linkedin","2026-08-13"
"N26","Site Reliability Engineer - Data Platform","Berlin, Germany","https://www.linkedin.com/jobs/view/4424755749","","linkedin","2026-08-13"
"Gallup","Quality Engineer","Berlin, BE, DE","https://de.indeed.com/viewjob?jk=9511a43ae9780e21","","indeed","2026-08-13"
"Navera Community Connections","Senior Backend & DevOps Engineer (Typescript, Kubernetes & GCP) f/m/d","Berlin, BE, DE","https://de.indeed.com/viewjob?jk=5b3d3724445ef75c","fulltime","indeed","2026-08-13"
"Sony Interactive Entertainment","Senior Service Reliability Engineer","Berlin, Berlin, Germany","https://www.linkedin.com/jobs/view/4412046574","","linkedin","2026-08-13"
"commercetools","Principal Site Reliability Engineer (m/f/x)","Berlin, Germany","https://www.linkedin.com/jobs/view/4443387607","","linkedin","2026-08-13"
"DT","Senior Infrastructure Engineer (m/f/d)","Berlin, Berlin, Germany","https://www.linkedin.com/jobs/view/4452926706","","linkedin","2026-08-13"
"Future Energy Services GmbH","Operations & Automation Engineer – Renewable Energy","Berlin, BE, DE","https://de.indeed.com/viewjob?jk=78f9fa745b8f40aa","fulltime","indeed","2026-08-13"
"50Hertz Transmission GmbH","System Engineer - Compute & Storage (w/m/d)","Berlin, Berlin, Germany","https://www.linkedin.com/jobs/view/4415494025","","linkedin","2026-08-13"
"Thales","Sovereign Cloud System Engineer (m/w/d)","Berlin, Berlin, Germany","https://www.linkedin.com/jobs/view/4425627813","","linkedin","2026-08-13"
"CarOnSale","Senior Backend Engineer (f/m/x)","Berlin, BE, DE","https://de.indeed.com/viewjob?jk=512c30ed5d2cf126","","indeed","2026-08-13"
"aifinyo AG","Ruby on Rails Developer (m/w/d)","Berlin, BE, DE","https://de.indeed.com/viewjob?jk=03c20542f8c2a0a4","parttime, fulltime","indeed","2026-08-13"
"Bettermile","Backend Engineer - (Kotlin, Spring, AWS) - Better Places (d/f/m)","Berlin, Germany","https://www.linkedin.com/jobs/view/4453683235","","linkedin","2026-08-13"
"Enpal","Senior Software Engineer (Backend)(f/m/x) _metrify","Berlin, Germany","https://www.linkedin.com/jobs/view/4395304122","","linkedin","2026-08-13"
"Axel Springer Tech GmbH","Fullstack Developer (m/f/d)","Berlin, Germany","https://www.linkedin.com/jobs/view/4453208163","","linkedin","2026-08-13"
"VREY","Full-Stack Software Engineer, Ruby on Rails (m/f/d) at Solar Startup","Berlin, Germany","https://www.linkedin.com/jobs/view/4424549867","","linkedin","2026-08-13"
"INTERNATIONAL ORGANIZATION FOR MIGRATION","Intern - Displacement Tracking Matrix (DTM) Regional Evidence for Migration Analysis and Policy (REMAP)","Berlin, BE, DE","https://de.indeed.com/viewjob?jk=fcdb5633f9c98d73","fulltime","indeed","2026-08-13"
"Digital Turbine","Senior Infrastructure Engineer (m/f/d)","Berlin, BE, DE","https://de.indeed.com/viewjob?jk=703cf59fd6174425","fulltime","indeed","2026-08-13"
"INTERNATIONAL ORGANIZATION FOR MIGRATION","Intern - Displacement Tracking Matrix (DTM) Regional Evidence for Migration Analysis and Policy (REMAP)","Berlin, BE, DE","https://de.indeed.com/viewjob?jk=46e43da6b435a3c3","fulltime","indeed","2026-08-13"
"WalletConnect","Senior Data Engineer","Berlin, BE, DE","https://de.indeed.com/viewjob?jk=e09f93be3d05a385","fulltime","indeed","2026-08-13"
"Zalando","Senior Applied Scientist / Lounge by Zalando (all genders)","Berlin, BE, DE","https://de.indeed.com/viewjob?jk=eedb0c82184c47bb","fulltime","indeed","2026-08-13"
"Nelly Solutions","Senior Software Engineer, Python","Berlin, Germany","https://www.linkedin.com/jobs/view/4434332752","","linkedin","2026-08-13"
"develop","Founding Engineer","Berlin, Germany","https://www.linkedin.com/jobs/view/4450493625","","linkedin","2026-08-13"
"SumUp","Data Platform Engineer","Berlin, Berlin, Germany","https://www.linkedin.com/jobs/view/4441533106","","linkedin","2026-08-13"
"Tenth Revolution Group","Java Software Developer","Berlin, Germany","https://www.linkedin.com/jobs/view/4450474271","","linkedin","2026-08-13"
"GLS NXT","Senior Product Designer","Berlin, BE, DE","https://de.indeed.com/viewjob?jk=584b2c4e2f081315","","indeed","2026-08-12"
"Meyer Sound","Software Engineer","Berlin, Berlin, Germany","https://www.linkedin.com/jobs/view/4452304423","","linkedin","2026-08-12"
"JD.COM","Software Engineer","Berlin, Berlin, Germany","https://www.linkedin.com/jobs/view/4453134329","","linkedin","2026-08-12"
"RepRisk","Software Engineer - Quality Engineering","Berlin, Germany","https://www.linkedin.com/jobs/view/4452700387","","linkedin","2026-08-12"
"Riverty","Software Engineer (Checkout Payment Methods) (m/f/d)","Berlin, Germany","https://www.linkedin.com/jobs/view/4453131485","","linkedin","2026-08-12"
"TenMedia GmbH","PHP-Entwickler / Fachinformatiker für Anwendungsentwicklung (m/w/d) | Berlin-Mitte | Vollzeit","Berlin, BE, DE","https://de.indeed.com/viewjob?jk=a9e0d7efe302b923","fulltime","indeed","2026-08-12"
"Octopus Energy","Backend Developer (m/w/d) – API & Data Integrations","Berlin, BE, DE","https://de.indeed.com/viewjob?jk=77c42b92168e8825","fulltime","indeed","2026-08-12"
"Choco","Senior Data Platform Engineer","Berlin, BE, DE","https://de.indeed.com/viewjob?jk=94c36776a736b219","fulltime","indeed","2026-08-12"
"Choco","Senior Data Platform Engineer","Berlin, BE, DE","https://de.indeed.com/viewjob?jk=15b15ef32afa122c","fulltime","indeed","2026-08-12"
"","Senior DevSecOps & Platform Engineer (all genders)","Berlin, BE, DE","https://de.indeed.com/viewjob?jk=bfd75f553b892820","","indeed","2026-08-12"
"Solactive","Site Reliability Engineer (m/f/d)","Berlin, Berlin, Germany","https://www.linkedin.com/jobs/view/4450127187","","linkedin","2026-08-12"
"GMX, WEB.DE & mail.com","Kubernetes Platform Engineer (f/m/d)","Berlin, Berlin, Germany","https://www.linkedin.com/jobs/view/4438069664","","linkedin","2026-08-12"
"Gigs","Senior Data Engineer","Berlin, BE, DE","https://de.indeed.com/viewjob?jk=b0f8001a6888579a","","indeed","2026-08-12"
"Thales","Google Cloud Platform Engineer (m/w/d)","Berlin, Berlin, Germany","https://www.linkedin.com/jobs/view/4425638711","","linkedin","2026-08-12"
"STACKIT","Lead Engineer - SRE - Cloud Storage - STACKIT (m/w/d)","Berlin, Germany","https://www.linkedin.com/jobs/view/4453098324","","linkedin","2026-08-12"
"Raue","System Developer (m/w/d)","Berlin, Germany","https://www.linkedin.com/jobs/view/4453131589","","linkedin","2026-08-12"
"Hertha BSC GmbH & Co. KGaA","IT-Systemadministrator / System Engineer (m/w/d)","Berlin, Berlin, Germany","https://www.linkedin.com/jobs/view/4450149441","","linkedin","2026-08-12"
"Rulemapping","Senior Python Engineer (d/w/m)","Berlin, BE, DE","https://de.indeed.com/viewjob?jk=a0edf95035fe4402","fulltime","indeed","2026-08-12"
"Vattenfall","SAP ABAP IS-U Developer","Berlin, BE, DE","https://de.indeed.com/viewjob?jk=7f8d46b7ebf97ab7","fulltime","indeed","2026-08-12"
"Corning","Working Student - Software Engineer (m/f/d)","Berlin, BE, DE","https://de.indeed.com/viewjob?jk=d30744775905ce50","","indeed","2026-08-12"
"SumUp","Backend Engineer - Cards","Berlin, Berlin, Germany","https://www.linkedin.com/jobs/view/4422706682","","linkedin","2026-08-12"
"Octopus Energy","Backend Developer (m/w/d) – API & Data Integrations","Berlin, Berlin, Germany","https://www.linkedin.com/jobs/view/4453116167","","linkedin","2026-08-12"
"Kartenliebe GmbH","Fullstack JavaScript Developer (m/w/d)","Berlin, Berlin, Germany","https://www.linkedin.com/jobs/view/4453092577","","linkedin","2026-08-12"
"EY","Senior Full Stack Developer (Python, Azure & AI) (w/m/d)","Berlin, Berlin, Germany","https://www.linkedin.com/jobs/view/4431949069","","linkedin","2026-08-12"
"Raue Partnerschaft von Rechtsanwälten und Rechtsanwältinnen mbB","System Developer (m/w/d)","Berlin, BE, DE","https://de.indeed.com/viewjob?jk=6566744a243d584a","fulltime","indeed","2026-08-12"
"SEITENBAU GmbH","Java Developer (m/w/d) – Berlin oder remote","Berlin, Berlin, Germany","https://www.linkedin.com/jobs/view/4450140574","","linkedin","2026-08-12"
"Social OfficeNet (SON)","Java Developer (m/w/d) – Berlin oder remote","Berlin, Berlin, Germany","https://www.linkedin.com/jobs/view/4452750523","","linkedin","2026-08-12"
"Redcare Pharmacy","Senior Java Engineer (m/f/d)","Berlin, Berlin, Germany","https://www.linkedin.com/jobs/view/4450136631","","linkedin","2026-08-12"
"Instaffo","Backend Engineer (all genders)","Berlin, Berlin, Germany","https://www.linkedin.com/jobs/view/4440522263","","linkedin","2026-08-11"
"Zalando","Software Engineer - Logistics Engineering (all genders)","Berlin, Germany","https://www.linkedin.com/jobs/view/4452422560","","linkedin","2026-08-11"
"InnoForge","Back End Developer","Berlin, Germany","https://www.linkedin.com/jobs/view/4452494031","","linkedin","2026-08-11"
"Trusted Shops","Fullstack Engineer- Typescript, AWS, React (m/f/d)","Berlin, BE, DE","https://de.indeed.com/viewjob?jk=bf47bdea41a8f34e","fulltime","indeed","2026-08-11"
"80 Beats Medical GmbH","Senior Data Engineer, Medical Devices / IoMT (m/f/d)","Berlin, BE, DE","https://de.indeed.com/viewjob?jk=bde6cc551e280a2c","fulltime","indeed","2026-08-11"
"n8n","Staff Core Platform Engineer","Berlin, BE, DE","https://de.indeed.com/viewjob?jk=a1fbd5d334705d45","fulltime","indeed","2026-08-11"
"Wolters Kluwer","Lead Software Engineer (Libra - Legal AI Assistant) (m/f/d)","Berlin, BE, DE","https://de.indeed.com/viewjob?jk=7fbb5ff765370de6","fulltime","indeed","2026-08-11"
"Factory Innovations GmbH","Full-Stack Developer / App / AI (m/w/d)","Berlin, BE, DE","https://de.indeed.com/viewjob?jk=457ff5b3eed42ace","","indeed","2026-08-11"
"Up42 GmbH","Cloud Engineer (m/f/x)","Berlin, BE, DE","https://de.indeed.com/viewjob?jk=9e82c9b6ab113e72","fulltime","indeed","2026-08-11"
"ARISE GmbH","Technical Product Manager (m/f/d) with a Focus on Platforms","Berlin, BE, DE","https://de.indeed.com/viewjob?jk=68906b33683e7223","fulltime","indeed","2026-08-11"
"Doctolib","Staff Site Reliability Engineer (x/f/m)","Berlin, BE, DE","https://de.indeed.com/viewjob?jk=d003259089caca28","fulltime","indeed","2026-08-11"
"Doctolib","Staff Site Reliability Engineer (x/f/m)","Berlin, Berlin, Germany","https://www.linkedin.com/jobs/view/4452466223","","linkedin","2026-08-11"
"Amazon Web Services (AWS)","Systems Engineer, Managed Operations, Managed Operations","Berlin, Germany","https://www.linkedin.com/jobs/view/4443035852","","linkedin","2026-08-11"
"Thales","IT Infrastructure Operations Engineer (m/w/d)","Berlin, Berlin, Germany","https://www.linkedin.com/jobs/view/4425634737","","linkedin","2026-08-11"
"Voodoo","Senior Backend Engineer (Golang) - Castle Busters","Berlin, BE, DE","https://de.indeed.com/viewjob?jk=d69d57e5ad21c0c7","fulltime","indeed","2026-08-11"
"secunet Security Networks AG","C++ Software Engineer for Cloud Applications (m/w/d)","Berlin, BE, DE","https://de.indeed.com/viewjob?jk=5ecf30c91744a654","","indeed","2026-08-11"
"Trusted Shops","Fullstack Engineer- Typescript, AWS, React (m/f/d)","Berlin, Berlin, Germany","https://www.linkedin.com/jobs/view/4452610054","","linkedin","2026-08-11"
"Wolters Kluwer","Senior AI Engineer (Libra - Legal AI Assistant) (m/f/d)","Berlin, BE, DE","https://de.indeed.com/viewjob?jk=b8a8698402aa8b06","fulltime","indeed","2026-08-11"
"PandaDoc","Senior Python Engineer, Document App (Content Engineering Team)","Berlin, Berlin, Germany","https://www.linkedin.com/jobs/view/4452448222","","linkedin","2026-08-11"
"WhyHireWrong?","Voice AI Engineer","Berlin, Germany","https://www.linkedin.com/jobs/view/4452430494","","linkedin","2026-08-11"
"nexnet","Professional Java Developer (m/w/d)","Berlin, Germany","https://www.linkedin.com/jobs/view/4449826884","","linkedin","2026-08-11"
"adesso SE","Software Engineer Java EE (all genders)","Berlin, Berlin, Germany","https://www.linkedin.com/jobs/view/4442297787","","linkedin","2026-08-11"
"CGI","Senior Java Software Developer (m/w/d)","Berlin, Germany","https://www.linkedin.com/jobs/view/4334690004","","linkedin","2026-08-11"
"Annapurna IT","Senior
Software
Engineer","Berlin, Germany","https://www.linkedin.com/jobs/view/4452467943","","linkedin","2026-08-11"
"Flix","Software Engineer (m/f/d)","Berlin, Germany","https://www.linkedin.com/jobs/view/4434017468","","linkedin","2026-08-10"
"Helsing","Software Engineer","Berlin, Berlin, Germany","https://www.linkedin.com/jobs/view/4343854599","","linkedin","2026-08-10"
"flaschenpost SE","Software Developer (m/w/d) - Warehouse Intralogistics","Berlin, BE, DE","https://de.indeed.com/viewjob?jk=95f0a24d4d6f9584","fulltime","indeed","2026-08-10"
"CarOnSale","Flutter Developer (m/w/d)","Berlin, BE, DE","https://de.indeed.com/viewjob?jk=2b965add6e446459","","indeed","2026-08-10"
"Mendato","Fullstack Entwickler (m/w/d) Softwarelösung für Gebäudereiniger","Berlin, BE, DE","https://de.indeed.com/viewjob?jk=8457f6564670261c","fulltime","indeed","2026-08-10"
"beatsquares","AI Developer (m/w/d)","Berlin, Berlin, Germany","https://www.linkedin.com/jobs/view/4449588279","","linkedin","2026-08-10"
"Cortea AI","Senior/Staff Platform Engineer (m/f/x)","Berlin, BE, DE","https://de.indeed.com/viewjob?jk=8b12f741b65682fc","fulltime","indeed","2026-08-10"
"Amazon Web Services (AWS)","Systems Engineer/DevOps Eng, Managed Operations","Berlin, Germany","https://www.linkedin.com/jobs/view/4451836010","","linkedin","2026-08-10"
"VERBI Software GmbH","Senior SRE (m/f/x)","Berlin, Berlin, Germany","https://www.linkedin.com/jobs/view/4449583290","","linkedin","2026-08-10"
"Amazon Web Services (AWS)","Systems Engineer, Managed Operations","Berlin, Germany","https://www.linkedin.com/jobs/view/4451832052","","linkedin","2026-08-10"
"Keyrock","Senior Rust Engineer - High Frequency Trading (HFT)","Berlin, BE, DE","https://de.indeed.com/viewjob?jk=d958165e225d9a3f","fulltime","indeed","2026-08-10"
"Packmatic GmbH","Senior Software Engineer (w/m/d) - B2B Saas I Berlin (hybrid)","Berlin, BE, DE","https://de.indeed.com/viewjob?jk=3ea91d6890333c4c","fulltime","indeed","2026-08-10"
"Amboss","Backend Engineer (PHP)","Berlin, BE, DE","https://de.indeed.com/viewjob?jk=250f5d6b68316923","fulltime","indeed","2026-08-10"
"AMBOSS","Backend Engineer (PHP)","Berlin, Berlin, Germany","https://www.linkedin.com/jobs/view/4449579052","","linkedin","2026-08-10"
"1GLOBAL","Senior Java Software Engineer","Berlin, Berlin, Germany","https://www.linkedin.com/jobs/view/4451199141","","linkedin","2026-08-10"
"Amazon.com","Systems Engineer/DevOps Eng, Managed Operations","Berlin, BE, DE","https://de.indeed.com/viewjob?jk=2299cc6d43f41060","fulltime","indeed","2026-07-24"
"Amazon.com","Systems Engineer, Managed Operations","Berlin, BE, DE","https://de.indeed.com/viewjob?jk=356d82f3cfbe060b","fulltime","indeed","2026-07-24"
"Amazon.com","Data Center Engineering Operations Technician (m/f/d), Data Center Engineering Operations","Berlin, BE, DE","https://de.indeed.com/viewjob?jk=06164dd2ca90d795","fulltime","indeed","2025-09-23"
"Amazon.com","Data Center Engineering Operations Technician (m/f/d), Data Center Engineering Operations","Berlin, BE, DE","https://de.indeed.com/viewjob?jk=f1572d4a1f2745bb","fulltime","indeed","2025-09-23"
"Swisio","Java Software Engineer","Berlin, Germany","https://www.linkedin.com/jobs/view/4425979988","","linkedin",""
"Helsing","Deployed AI Engineer","Berlin, Berlin, Germany","https://www.linkedin.com/jobs/view/4349509801","","linkedin",""
"SuitePad","Full Stack Engineer (m/f/x)","Berlin, Berlin, Germany","https://www.linkedin.com/jobs/view/4452240017","","linkedin",""
"Rahantech GmbH","Software Developer (m/f/d)","Berlin, Berlin, Germany","https://www.linkedin.com/jobs/view/4452220966","","linkedin",""
"Ströer Publishing","Fullstack Developer - Agentic Coding (m/w/d)","Berlin, Germany","https://www.linkedin.com/jobs/view/4452205388","","linkedin",""
"BWI GmbH","DevOps Engineer - Full Managed Cloud Stack (m/w/d)","Berlin, Berlin, Germany","https://www.linkedin.com/jobs/view/4436747504","","linkedin",""
"Helsing","Site Reliability Engineer","Berlin, Berlin, Germany","https://www.linkedin.com/jobs/view/4341963741","","linkedin",""
"Assecor GmbH","Site Reliability Engineer (m/w/d)","Berlin, Berlin, Germany","https://www.linkedin.com/jobs/view/4452237054","","linkedin",""
"BWI GmbH","Senior System Engineer DMZ (m/w/d)","Berlin, Berlin, Germany","https://www.linkedin.com/jobs/view/4374448567","","linkedin",""
"]init[ - Services for the eSociety","System Engineer (all genders) - Application Management in Berlin","Berlin, Germany","https://www.linkedin.com/jobs/view/4454250060","","linkedin",""
"Code Compass 🧭","Fullstack Engineer (m/f/d) - Berlin / Vienna","Berlin, Germany","https://www.linkedin.com/jobs/view/4451786372","","linkedin",""
"Peritus Partners","Full Stack Engineer","Berlin, Germany","https://www.linkedin.com/jobs/view/4455248551","","linkedin",""
"think-cell Software","Senior Full Stack Developer","Berlin, Germany","https://www.linkedin.com/jobs/view/4385259438","","linkedin",""
"Assecor GmbH","AI Engineer – Python & Automation (m/w/d)","Berlin, Berlin, Germany","https://www.linkedin.com/jobs/view/4452229056","","linkedin",""
"Assecor GmbH","Java Backend Entwickler (m/w/d)","Berlin, Berlin, Germany","https://www.linkedin.com/jobs/view/4452242020","","linkedin",""
"Safety io","Mid/Senior Backend/Cloud Application Developer","Berlin, Germany","https://www.linkedin.com/jobs/view/4406414141","","linkedin",""
"Serco","Windows System Engineer (Level-3 Support)","Darmstadt, HE, DE","https://de.indeed.com/viewjob?jk=dfead1212aa0886b","fulltime","indeed","2026-08-17"
"ALTEN","Software Verification and Validation Engineer (all gender)","Donauwörth, BY, DE","https://de.indeed.com/viewjob?jk=c0e5816f1fced0ec","fulltime","indeed","2026-08-17"
"Bertrandt","Generative AI / Agentic AI Engineer (d/m/w)","Ulm, BW, DE","https://de.indeed.com/viewjob?jk=4248b73b8e60ef3b","fulltime","indeed","2026-08-17"
"SimCorp","Lead Software Engineer (C#.NET) - Data & AI Products","Bad Homburg vor der Höhe, HE, DE","https://de.indeed.com/viewjob?jk=6f71bec196cd8cba","fulltime","indeed","2026-08-17"
"Isento GmbH","Senior Software Developer (m/w/d)","Nürnberg, BY, DE","https://de.indeed.com/viewjob?jk=c8dbbbdc702f9326","","indeed","2026-08-17"
"Isento GmbH","Developer - Fokus Secure Software (m/w/d)","Nürnberg, BY, DE","https://de.indeed.com/viewjob?jk=b83f12ac26c64c4f","","indeed","2026-08-17"
"Isento GmbH","Software Developer (m/w/d)- Schwerpunkt Angular","Nürnberg, BY, DE","https://de.indeed.com/viewjob?jk=de93047df631ca21","","indeed","2026-08-17"
"ABOUT YOU SE & Co. KG","Data Analyst - Ranking & Sorting (all genders)","Hamburg, HH, DE","https://de.indeed.com/viewjob?jk=17c9a636cd8d7c73","fulltime","indeed","2026-08-17"
"Renesas","Staff Requirements Management Engineer / Specialist (f/m/d)","Germering, BY, DE","https://de.indeed.com/viewjob?jk=d6ee2d3c79e3c22f","fulltime","indeed","2026-08-17"
"HUBER+SUHNER","Supplier Engineer","Unterhaching, BY, DE","https://de.indeed.com/viewjob?jk=9f0df2d3bb16a7a2","","indeed","2026-08-17"
"EXCO GmbH","Testingenieur / Verification Engineer (m/w/d) Medizintechnik","Frankenthal, RP, DE","https://de.indeed.com/viewjob?jk=37b69c7a956fc318","fulltime","indeed","2026-08-17"
"BWI GmbH","Senior System Engineer – Citrix Plattform Operations (m/w/d)","Bonn, NW, DE","https://de.indeed.com/viewjob?jk=f0c345ca68f9d8e5","fulltime","indeed","2026-08-17"
"BWI GmbH","Senior System Engineer - Loadbalancing / Citrix Netscaler ADC (m/w/d)","Bonn, NW, DE","https://de.indeed.com/viewjob?jk=c09ec8dbb2254f19","fulltime","indeed","2026-08-17"
"EPlus3D Tech GmbH","Service Engineer / Service Technician (m/f/d) – Metal Additive Manufacturing","Korntal-Münchingen, BW, DE","https://de.indeed.com/viewjob?jk=d79bc173c50e2e5e","fulltime","indeed","2026-08-17"
"CarOnSale","Senior Backend Engineer (f/m/x)","München, BY, DE","https://de.indeed.com/viewjob?jk=8d0cf18682429081","","indeed","2026-08-17"
"STW GmbH","Anwendungsentwickler Business Applications .NET & Java (m/w/d)","Kaufbeuren, BY, DE","https://de.indeed.com/viewjob?jk=6e94cbbe7ee22536","fulltime","indeed","2026-08-17"
"Isento GmbH","Werkstudent Prototyping - smart labeling (m/w/d)","Nürnberg, BY, DE","https://de.indeed.com/viewjob?jk=9a87bd5671dad48e","","indeed","2026-08-17"
"Bundesagentur für Arbeit","Senior Professional System-Engineer - ERP-Technologie (w/m/d)","Nürnberg, BY, DE","https://de.indeed.com/viewjob?jk=fea7c16110756f34","","indeed","2026-08-16"
"Bundesagentur für Arbeit","Senior Professional Test-Engineer in der Zentralen Testdatenbasis (w/m/d)","Nürnberg, BY, DE","https://de.indeed.com/viewjob?jk=e2aa6a7603c9a239","","indeed","2026-08-16"
"Bundesagentur für Arbeit","Specialist System-Engineer (m/w/d)","Nürnberg, BY, DE","https://de.indeed.com/viewjob?jk=6a9a73984507b8d1","","indeed","2026-08-16"
"Nestlé","System Applicationen Engineer (m/w/d)","Osthofen, RP, DE","https://de.indeed.com/viewjob?jk=00a9c1f175bcdfc0","parttime, fulltime","indeed","2026-08-16"
"datagroup","AI Platform Engineer (all genders)","Home Office, DE","https://de.indeed.com/viewjob?jk=92bbdae0c4e82ac4","fulltime","indeed","2026-08-16"
"Ignite Travel","German Speaking Senior Accountant","Solingen, NW, DE","https://de.indeed.com/viewjob?jk=3b8efd65a2c87933","fulltime","indeed","2026-08-16"
"Syntex","Quereinsteiger gesucht: Werde KI-Workflow-Spezialist:in (m/w/d)","Wilhelmshaven, NI, DE","https://de.indeed.com/viewjob?jk=bd84789b2ee63a72","fulltime","indeed","2026-08-16"
"Syntex","Quereinsteiger gesucht: Werde KI-Workflow-Spezialist:in (m/w/d)","Düren, NW, DE","https://de.indeed.com/viewjob?jk=b177f2abe3ee3d96","fulltime","indeed","2026-08-16"
"cu solutions GmbH","System Engineer (m/w/d)","Grafenau, Baden-Württemberg, Germany","https://www.linkedin.com/jobs/view/4455156855","","linkedin","2026-08-16"
"Klöckner & Co SE","Inhouse C#/.NET Entwickler (m/w/d) mit Integrations- und EDI-Schwerpunkt","Düsseldorf, NW, DE","https://de.indeed.com/viewjob?jk=55d46f07cd368909","fulltime","indeed","2026-08-16"
"ALTEN","Software Engineer C#/.NET (all gender)","Manching, BY, DE","https://de.indeed.com/viewjob?jk=df071335ed325bb8","","indeed","2026-08-15"
"REPLY","(Senior) System Engineer Open Source (M/W/D) - BU1","Frankfurt am Main, HE, DE","https://de.indeed.com/viewjob?jk=4592d55278a28e00","","indeed","2026-08-15"
"REPLY","(Senior) Engineer Transmission Network (M/W/D) - BU3","Düsseldorf, NW, DE","https://de.indeed.com/viewjob?jk=602dbbc99d402780","","indeed","2026-08-15"
"REPLY","(Junior) Engineer Transmission Network (M/W/D) - BU3","Frankfurt am Main, HE, DE","https://de.indeed.com/viewjob?jk=2c420c0c2546a354","","indeed","2026-08-15"
"E.ON","Lead Mulesoft System Engineer (m/w/d)","Würzburg, BY, DE","https://de.indeed.com/viewjob?jk=a129e7583b316adb","parttime, fulltime","indeed","2026-08-15"
"E.ON","Lead Mulesoft System Engineer (m/w/d)","München, BY, DE","https://de.indeed.com/viewjob?jk=fe00ac69b9107fd6","parttime, fulltime","indeed","2026-08-15"
"E.ON","Lead Mulesoft System Engineer (m/w/d)","Landshut, BY, DE","https://de.indeed.com/viewjob?jk=69cd27b1a938cd89","parttime, fulltime","indeed","2026-08-15"
"E.ON","Lead Mulesoft System Engineer (m/w/d)","Essen, NW, DE","https://de.indeed.com/viewjob?jk=c99e5537c50b30a4","parttime, fulltime","indeed","2026-08-15"
"PwC Deutschland","Backend-Developer - Public Sector & Energy (w/m/d)","Kiel, Schleswig-Holstein, Germany","https://www.linkedin.com/jobs/view/4407009996","","linkedin","2026-08-15"
"Rohde & Schwarz","System Engineer (m/w/d) für sichere Kommunikationssysteme","Stuttgart, Baden-Württemberg, Germany","https://www.linkedin.com/jobs/view/4426088919","","linkedin","2026-08-15"
"Airbus Defence and Space","Systems Engineer (d/f/m) - RF Threat Environment Simulation","Manching, Bavaria, Germany","https://www.linkedin.com/jobs/view/4441843821","","linkedin","2026-08-15"
"","Softwareentwickler (m/w/d) in Münster für KI Startup gesucht!","Münster, NW, DE","https://de.indeed.com/viewjob?jk=55a0b5dc26758cfc","fulltime","indeed","2026-08-15"
"","Softwareentwickler (m/w/d)","Münster, NW, DE","https://de.indeed.com/viewjob?jk=7753f18cafabed60","fulltime","indeed","2026-08-15"
"SINC","Senior Backend Entwickler (m/w/d) - Java","Home Office, DE","https://de.indeed.com/viewjob?jk=d7826b1fb827f618","fulltime","indeed","2026-08-15"
"dSign Systems GmbH","Full Stack Developer (m/w/d)","Schmalkalden, Thuringia, Germany","https://www.linkedin.com/jobs/view/4451730143","","linkedin","2026-08-15"
"HospiChef","Software Engineer (Full-Stack)","Munich, Bavaria, Germany","https://www.linkedin.com/jobs/view/4451745839","","linkedin","2026-08-15"
"Q-railing","Full Stack Developer (m/w/d)","Emmerich am Rhein, North Rhine-Westphalia, Germany","https://www.linkedin.com/jobs/view/4447151500","","linkedin","2026-08-15"
"nyra health","Senior Business Development Manager – Insurance (m/w/d)","BE, DE","https://de.indeed.com/viewjob?jk=cfa898a95d3f1087","fulltime","indeed","2026-08-14"
"nyra health","Senior Business Development Manager – Insurance (m/w/d)","BE, DE","https://de.indeed.com/viewjob?jk=5c1a6fd2abe97027","fulltime","indeed","2026-08-14"
"adesso SE","Inhouse System Engineer Endpoint-Management (all genders)","Potsdam, Brandenburg, Germany","https://www.linkedin.com/jobs/view/4453599165","","linkedin","2026-08-14"
"Thermo Fisher Scientific","Software Test Engineer (m/w/d)","Langenselbold, HE, DE","https://de.indeed.com/viewjob?jk=3ae98579913fd4f9","fulltime","indeed","2026-08-14"
"QuantumBlack, AI by McKinsey","Software Engineer - QuantumBlack, AI by McKinsey","Hamburg, Hamburg, Germany","https://www.linkedin.com/jobs/view/4436130122","","linkedin","2026-08-14"
"ALTEN","Full Stack Software Engineer – Software Systems (all gender)","","https://www.linkedin.com/jobs/view/4438701438","","linkedin","2026-08-14"
"Utimaco","Marketing Technology Web Developer (Drupal & Marketing Automation)","Aachen, NW, DE","https://de.indeed.com/viewjob?jk=645609941b3cb99d","","indeed","2026-08-14"
"NRW.BANK","Inhouse Developer „SAP Datawarehouse (SAP BW/4HANA)"" (w/m/d)","Düsseldorf, NW, DE","https://de.indeed.com/viewjob?jk=297432eed8cf79bf","","indeed","2026-08-14"
"DMRZ","Full Stack Developer (m/w/d) – eHealth-Software","Castrop-Rauxel, NW, DE","https://de.indeed.com/viewjob?jk=79603980bb98521a","fulltime","indeed","2026-08-14"
"UniteLabs","Senior Python Engineer, Platform Libraries (m/f/d)","München, BY, DE","https://de.indeed.com/viewjob?jk=a9182d3cdf3a6793","fulltime","indeed","2026-08-14"
"Computerservice Rüdiger Hess","Applikations- / Softwareentwickler (m/w/d)","Schmölln, TH, DE","https://de.indeed.com/viewjob?jk=728b3e8359c23937","","indeed","2026-08-14"
"sympacon TS GmbH","Junior ABAP Developer (w/m/d)","Hannover, NI, DE","https://de.indeed.com/viewjob?jk=8058e6a3fdd9c0c8","fulltime","indeed","2026-08-14"
"sympacon TS GmbH","SAP Application Developer (w/m/d)","Hannover, NI, DE","https://de.indeed.com/viewjob?jk=8e8cfc1c55cf545a","fulltime","indeed","2026-08-14"
"Mercedes-Benz Group","Senior Solution Architect & Lead-Developer bei Mercedes-Benz Financial Services Deutschland (d/m/f/x)","Stuttgart, BW, DE","https://de.indeed.com/viewjob?jk=b200e45dc74af243","fulltime","indeed","2026-08-14"
"Mercedes-Benz Group","Fullstack Developer bei Mercedes-Benz Financial Services Deutschland (d/m/f/x)","Stuttgart, BW, DE","https://de.indeed.com/viewjob?jk=92ae140891049e1d","fulltime","indeed","2026-08-14"
"Schwarz Digits KG","Backend / Fullstack Developer E-Commerce (m/f/d) - Microservices & Go / PHP","Bad Friedrichshall, BW, DE","https://de.indeed.com/viewjob?jk=46b6d240f4a0da15","fulltime","indeed","2026-08-14"
"NavVis","Working Student - Embedded Software Engineer (F/M/D)","München, BY, DE","https://de.indeed.com/viewjob?jk=8c4ec1498c2af9aa","","indeed","2026-08-14"
"K-tronik GmbH","Senior Software Engineer Web Frontend Development (m/w/x)","München, BY, DE","https://de.indeed.com/viewjob?jk=b659d612c212942c","","indeed","2026-08-14"
"Schwarz Corporate Solutions","Backend / Fullstack Developer E-Commerce (m/f/d) - Microservices & Go / PHP","Bad Friedrichshall, BW, DE","https://de.indeed.com/viewjob?jk=516485a41f45cb41","fulltime","indeed","2026-08-14"
"Deutsches Elektronen-Synchrotron DESY","Senior Scientific Software Developer for Beamline Control Systems for PETRA IV","Hamburg, HH, DE","https://de.indeed.com/viewjob?jk=57aa9df5b3cb80cc","parttime, fulltime","indeed","2026-08-14"
"Deutsches Elektronen-Synchrotron DESY","Senior Scientific Software Developer (Python/C++) – Scie. Equip. Integration & Exp. Control (TANGO Controls) for PETRA IV","Hamburg, HH, DE","https://de.indeed.com/viewjob?jk=5442f83459b432c3","parttime, fulltime","indeed","2026-08-14"
"Accenture DACH","Fullstack Developer (all genders)","Kaiserslautern, Rhineland-Palatinate, Germany","https://www.linkedin.com/jobs/view/4435222672","","linkedin","2026-08-14"
"develop","Fullstack Developer","Mainz, Rhineland-Palatinate, Germany","https://www.linkedin.com/jobs/view/4454532032","","linkedin","2026-08-14"
"Cloudogu GmbH","Cloud Engineer / Platform Engineer (m/w/d)","Braunschweig, NI, DE","https://de.indeed.com/viewjob?jk=aab17f873b4febc9","fulltime","indeed","2026-08-14"
"Deutscher Sparkassen Verlag GmbH","DevOps Engineer (m/w/d)","Stuttgart, BW, DE","https://de.indeed.com/viewjob?jk=06064f2f2e2b4b2f","fulltime","indeed","2026-08-14"
"","Cloud Engineer werden – beruflicher Neustart in der IT, 100 % remote (m/w/d)","Aachen, NW, DE","https://de.indeed.com/viewjob?jk=a2c76e5e1a0063b9","fulltime","indeed","2026-08-14"
"","Cloud Engineer werden – beruflicher Neustart in der IT, 100 % remote (m/w/d)","Bergheim, NW, DE","https://de.indeed.com/viewjob?jk=9fe423defdb4172a","fulltime","indeed","2026-08-14"
"","Cloud Engineer werden – beruflicher Neustart in der IT, 100 % remote (m/w/d)","Aschaffenburg, BY, DE","https://de.indeed.com/viewjob?jk=828a6931cc790519","fulltime","indeed","2026-08-14"
"","Cloud Engineer werden – beruflicher Neustart in der IT, 100 % remote (m/w/d)","Bayreuth, BY, DE","https://de.indeed.com/viewjob?jk=fb074c10340ac810","fulltime","indeed","2026-08-14"
"","Cloud Engineer werden – beruflicher Neustart in der IT, 100 % remote (m/w/d)","Bocholt, NW, DE","https://de.indeed.com/viewjob?jk=1236b0fbfcd4773c","fulltime","indeed","2026-08-14"
"","Cloud Engineer werden – beruflicher Neustart in der IT, 100 % remote (m/w/d)","Arnsberg, NW, DE","https://de.indeed.com/viewjob?jk=ffd54b0a4f7dc404","fulltime","indeed","2026-08-14"
"","Cloud Engineer werden – beruflicher Neustart in der IT, 100 % remote (m/w/d)","Aalen, BW, DE","https://de.indeed.com/viewjob?jk=04f4c01191c0ec41","fulltime","indeed","2026-08-14"
"","Cloud Engineer werden – beruflicher Neustart in der IT, 100 % remote (m/w/d)","Brandenburg an der Havel, BB, DE","https://de.indeed.com/viewjob?jk=337e7270f66e6d77","fulltime","indeed","2026-08-14"
"","Cloud Engineer werden – beruflicher Neustart in der IT, 100 % remote (m/w/d)","Bremen, HB, DE","https://de.indeed.com/viewjob?jk=c23e85695239676b","fulltime","indeed","2026-08-14"
"","Cloud Engineer werden – beruflicher Neustart in der IT, 100 % remote (m/w/d)","Bochum, NW, DE","https://de.indeed.com/viewjob?jk=12f5d93e4e270d7c","fulltime","indeed","2026-08-14"
"","Cloud Engineer werden – beruflicher Neustart in der IT, 100 % remote (m/w/d)","Augsburg, BY, DE","https://de.indeed.com/viewjob?jk=e709f6772f4182f8","fulltime","indeed","2026-08-14"
"","Cloud Engineer werden – beruflicher Neustart in der IT, 100 % remote (m/w/d)","Bielefeld, NW, DE","https://de.indeed.com/viewjob?jk=21bea31a49d9cbb3","fulltime","indeed","2026-08-14"
"","Cloud Engineer werden – beruflicher Neustart in der IT, 100 % remote (m/w/d)","Bamberg, BY, DE","https://de.indeed.com/viewjob?jk=5a634c78d5cbc94d","fulltime","indeed","2026-08-14"
"","Cloud Engineer werden – beruflicher Neustart in der IT, 100 % remote (m/w/d)","Bremerhaven, HB, DE","https://de.indeed.com/viewjob?jk=e6af9b50e6f8e537","fulltime","indeed","2026-08-14"
"","Cloud Engineer werden – beruflicher Neustart in der IT, 100 % remote (m/w/d)","Bergisch Gladbach, NW, DE","https://de.indeed.com/viewjob?jk=d493df2e59ffcd48","fulltime","indeed","2026-08-14"
"Holidu","DevOps Engineer (all genders)","Munich, Bavaria, Germany","https://www.linkedin.com/jobs/view/4454542464","","linkedin","2026-08-14"
"ALTEN","DevOps Engineer (all gender)","Kiel, Schleswig-Holstein, Germany","https://www.linkedin.com/jobs/view/4389196882","","linkedin","2026-08-14"
"Haystack","DevOps Engineer","","https://www.linkedin.com/jobs/view/4453527815","","linkedin","2026-08-14"
"Swiss Timing Ltd","System Engineer (all genders)","Leipzig, Saxony, Germany","https://www.linkedin.com/jobs/view/4441585363","","linkedin","2026-08-14"
"Saab","Systems Engineer (m/w/d) ComInt und C-ESM","Nuremberg, Bavaria, Germany","https://www.linkedin.com/jobs/view/4436327512","","linkedin","2026-08-14"
"adesso SE","Inhouse System Engineer Endpoint-Management (all genders)","Kiel, Schleswig-Holstein, Germany","https://www.linkedin.com/jobs/view/4453592172","","linkedin","2026-08-14"
"adesso SE","Inhouse System Engineer Endpoint-Management (all genders)","Bremen, Bremen, Germany","https://www.linkedin.com/jobs/view/4453706112","","linkedin","2026-08-14"
"goodBytz","Systems Engineer | Robotic Kitchen Operations (all genders welcome)","Hamburg, Hamburg, Germany","https://www.linkedin.com/jobs/view/4451209360","","linkedin","2026-08-14"
"BWI GmbH","System Engineer E-Mail (m/w/d)","Ulm, Baden-Württemberg, Germany","https://www.linkedin.com/jobs/view/4454533670","","linkedin","2026-08-14"
"","Backend Entwickler:in (f/m/x)","Nürnberg, BY, DE","https://de.indeed.com/viewjob?jk=e6729ed24970a0af","parttime, fulltime","indeed","2026-08-14"
"Almato AG","Backend-Softwareentwickler (all genders)","Stuttgart, BW, DE","https://de.indeed.com/viewjob?jk=87bdc27f044da42b","fulltime","indeed","2026-08-14"
"Pliant","Senior Software Engineer - Backend - Card & Transaction Platform *EU/UK remote* (m/f/d)","DE","https://de.indeed.com/viewjob?jk=762e8286f6baef00","fulltime","indeed","2026-08-14"
"sympacon TS GmbH","ABAP Entwickler (w/m/d)","Hannover, NI, DE","https://de.indeed.com/viewjob?jk=0f3b40ec6f4f30c0","fulltime","indeed","2026-08-14"
"Valsoft","Softwareentwicklung - .NET (C# / VB.NET) mit Kundenprojekten","Mülheim an der Ruhr, NW, DE","https://de.indeed.com/viewjob?jk=6ed53a8f0e79cd45","fulltime","indeed","2026-08-14"
"JD.com","Software Engineer","Düsseldorf, NW, DE","https://de.indeed.com/viewjob?jk=0da9e330e4c1c3e0","fulltime","indeed","2026-08-14"
"CE Conceptions GmbH","PHP Full-Stack Entwickler (m/w/d) – Webentwicklung, CRM & KI-Automatisierung","Bielefeld, NW, DE","https://de.indeed.com/viewjob?jk=ca6132fa69be8442","parttime, fulltime","indeed","2026-08-14"
"Bildungswerk der Bayerischen Wirtschaft e. V.","INHOUSE SAP-Entwickler (m/w/d)","München, BY, DE","https://de.indeed.com/viewjob?jk=f9294ee230d4f59a","parttime, fulltime","indeed","2026-08-14"
"SIXT","Mid-level Golang Developer (m/f/d)","Munich, Bavaria, Germany","https://www.linkedin.com/jobs/view/4398558271","","linkedin","2026-08-14"
"ITS GROUP","Full-stack Developer .NET / Angular","Melle, NI, DE","https://de.indeed.com/viewjob?jk=87957c6240420d71","","indeed","2026-08-14"
"WashTec AG","Software Engineer Digital Solutions (m/w/d)","Augsburg, BY, DE","https://de.indeed.com/viewjob?jk=e1929fb8ff79149c","fulltime","indeed","2026-08-14"
"Rheinische Friedrich-Wilhelms-Universität Bonn","Research Group Leader for the Research Group “Computational Dependencies and Cultural Data Studies”","Bonn, NW, DE","https://de.indeed.com/viewjob?jk=1455fdf74396ccd6","fulltime","indeed","2026-08-14"
"Universitätsklinikum Freiburg","Nachwuchsgruppenleiter*in — KI & biomedizinische Datenarchitektur (m/w/d)","Freiburg, BW, DE","https://de.indeed.com/viewjob?jk=16a282e1786825d3","","indeed","2026-08-14"
"MongoDB","Senior Solutions Architect","Home Office, DE","https://de.indeed.com/viewjob?jk=aeed816998c2195b","","indeed","2026-08-14"
"Rheinische Friedrich-Wilhelms-Universität Bonn","Research Group Leader for the Research Group “Computational Dependencies and Cultural Data Studies”","Bonn, NW, DE","https://de.indeed.com/viewjob?jk=5c41471db42f2856","fulltime","indeed","2026-08-14"
"1KOMMA5˚","Chief of Staff (m/f/d)","Home Office, DE","https://de.indeed.com/viewjob?jk=b3babc82e83258f9","fulltime","indeed","2026-08-14"
"1KOMMA5˚","Chief of Staff (m/f/d)","Home Office, DE","https://de.indeed.com/viewjob?jk=fd54c72723706fd8","fulltime","indeed","2026-08-14"
"ABOUT YOU SE & Co. KG","Senior Quality Assurance Engineer - Panels (all genders)","Hamburg, HH, DE","https://de.indeed.com/viewjob?jk=e5c166f3edcc3142","fulltime","indeed","2026-08-14"
"Venture Up","Senior Python Software Engineer","Munich, Bavaria, Germany","https://www.linkedin.com/jobs/view/4454395637","","linkedin","2026-08-14"
"UniteLabs","Senior Python Engineer, Platform Libraries (m/f/d)","Munich, Bavaria, Germany","https://www.linkedin.com/jobs/view/4451225641","","linkedin","2026-08-14"
"WBS GRUPPE","Tech Lead Dynamics 365 CRM (m/w/d)","Home Office, DE","https://de.indeed.com/viewjob?jk=95a1b9464b2f5f65","fulltime","indeed","2026-08-14"
"WBS GRUPPE","Tech Lead Dynamics 365 CRM (m/w/d)","DE","https://de.indeed.com/viewjob?jk=818bebd597b34e97","fulltime","indeed","2026-08-14"
"freenet","API Developer & Identity Engineer (w/m/d)","Büdelsdorf, SH, DE","https://de.indeed.com/viewjob?jk=dae9cb1f6e70f789","fulltime","indeed","2026-08-14"
"freenet","Java Developer (w/m/d) eCommerce","Büdelsdorf, SH, DE","https://de.indeed.com/viewjob?jk=5ccf6727e9b4bd0e","fulltime","indeed","2026-08-14"
"freenet","Java Developer (w/m/d) eCommerce","Hamburg, HH, DE","https://de.indeed.com/viewjob?jk=93a5e2143fc83ffe","fulltime","indeed","2026-08-14"
"freenet AG","Java Developer (w/m/d) eCommerce","Hamburg, Hamburg, Germany","https://www.linkedin.com/jobs/view/4454542682","","linkedin","2026-08-14"
"BFS health finance GmbH","Java Entwickler (m/w/d)","Dortmund, North Rhine-Westphalia, Germany","https://www.linkedin.com/jobs/view/4454598693","","linkedin","2026-08-14"
"PROMOS consult","Software Developer (m/w/d) - Java Backend","Brandenburg, Germany","https://www.linkedin.com/jobs/view/4454065110","","linkedin","2026-08-13"
"Helsing","Software Engineer - Backend","Munich, Bavaria, Germany","https://www.linkedin.com/jobs/view/4349479925","","linkedin","2026-08-13"
"develop","Fullstack Developer","Frankfurt am Main, Hesse, Germany","https://www.linkedin.com/jobs/view/4454059348","","linkedin","2026-08-13"
"Christy Media Solutions","DevOps Engineer","Munich, Bavaria, Germany","https://www.linkedin.com/jobs/view/4450813647","","linkedin","2026-08-13"
"ALTEN","Cloud / DevOps Engineer (all gender)","Munich, Bavaria, Germany","https://www.linkedin.com/jobs/view/4416798967","","linkedin","2026-08-13"
"yoummday","Platform & DevOps Engineer (m/f/d)","","https://www.linkedin.com/jobs/view/4448298129","","linkedin","2026-08-13"
"Continental","(Senior) MLOps Engineer (m/f/d)","Hannover, NI, DE","https://de.indeed.com/viewjob?jk=f809e656ebf9b484","parttime, fulltime","indeed","2026-08-13"
"Continental","(Senior) Machine Learning Operations Engineer (m/f/d)","Hannover, NI, DE","https://de.indeed.com/viewjob?jk=77deb2bd353cad38","parttime, fulltime","indeed","2026-08-13"
"MOIA GmbH","(Senior) Data Platform Engineer (all genders) - Parental leave cover 12 months","Hamburg, HH, DE","https://de.indeed.com/viewjob?jk=55582f6489fa6417","","indeed","2026-08-13"
"Adobe","Cloud Reliability Engineer (SRE)","Hamburg, Hamburg, Germany","https://www.linkedin.com/jobs/view/4432367303","","linkedin","2026-08-13"
"eleQtron","Site Reliability Engineer – Quantum Computing (f/m/d)","Hamburg, Hamburg, Germany","https://www.linkedin.com/jobs/view/4444423442","","linkedin","2026-08-13"
"eleQtron","Site Reliability Engineer – Quantum Computing (f/m/d)","Siegen, North Rhine-Westphalia, Germany","https://www.linkedin.com/jobs/view/4444414942","","linkedin","2026-08-13"
"Siemens","System Engineer (w/m/d) Fahrgastinformationssysteme","Erlangen, Bavaria, Germany","https://www.linkedin.com/jobs/view/4453201821","","linkedin","2026-08-13"
"Quantum Machines","Backend Software Engineer – QOPA","Stuttgart, Baden-Württemberg, Germany","https://www.linkedin.com/jobs/view/4453205323","","linkedin","2026-08-13"
"","Full Stack Developer (m/w/d)","Home Office, DE","https://de.indeed.com/viewjob?jk=6a73c1ef37e25479","fulltime","indeed","2026-08-13"
"Capgemini","AI Java Developer","München, BY, DE","https://de.indeed.com/viewjob?jk=2bd5392330062111","","indeed","2026-08-13"
"Capgemini","AI Java Developer","München, BY, DE","https://de.indeed.com/viewjob?jk=99835bb74b4d05fa","","indeed","2026-08-13"
"Sogeti","AI Java Developer","München, BY, DE","https://de.indeed.com/viewjob?jk=545a63897eb58984","","indeed","2026-08-13"
"mund consulting AG","Full-Stack Developer Junior (TypeScript, Java, Kubernetes) (m/w/d) 90% remote ID03147","DE","https://de.indeed.com/viewjob?jk=11047cde2f80f58b","","indeed","2026-08-13"
"","Full Stack Developer (Laravel/PHP) & Linux Administrator (m/w/d)","Planegg, BY, DE","https://de.indeed.com/viewjob?jk=081a94648be66cba","fulltime","indeed","2026-08-13"
"SWIAT","Full-Stack Developer (all genders)","Frankfurt, Hesse, Germany","https://www.linkedin.com/jobs/view/4453109826","","linkedin","2026-08-13"
"Heatmanager GmbH","Fullstack Web-Developer IoT (m/w/d)","Frankfurt, Hesse, Germany","https://www.linkedin.com/jobs/view/4450818695","","linkedin","2026-08-13"
"simplicity networks GmbH","Software Developer (m/w/d)","Home Office, DE","https://de.indeed.com/viewjob?jk=092ee26bee88482a","fulltime","indeed","2026-08-13"
"Simplicity networks","Software Developer (m/w/d)","Oelde, North Rhine-Westphalia, Germany","https://www.linkedin.com/jobs/view/4450814362","","linkedin","2026-08-13"
"LaVita GmbH","Software - Entwickler (m/w/d) mit Schwerpunkt Python, Odoo (80% vor Ort)","Kumhausen, Bavaria, Germany","https://www.linkedin.com/jobs/view/4454058369","","linkedin","2026-08-13"
"The University of Göttingen","Softwareentwickler*in Controlling (w/m/d)","Göttingen, Lower Saxony, Germany","https://www.linkedin.com/jobs/view/4454033877","","linkedin","2026-08-13"
"SOA Experts GmbH","Cloud-Engineer (m/w/d)","Hamburg, Germany","https://www.linkedin.com/jobs/view/4452994042","","linkedin","2026-08-13"
"freenet","API Developer & Identity Engineer (w/m/d)","Büdelsdorf, SH, DE","https://de.indeed.com/viewjob?jk=b258b4f2402bc705","fulltime","indeed","2026-08-13"
"Hanseatic Bank GmbH & Co KG","Java Backend Entwickler*in (m/w/d)","Hamburg, Hamburg, Germany","https://www.linkedin.com/jobs/view/4454043501","","linkedin","2026-08-13"
"XITASO","DevOps & Cloud Engineer (all genders)","","https://www.linkedin.com/jobs/view/4452701438","","linkedin","2026-08-12"
"50Hertz Transmission GmbH","System Engineer - Compute & Storage (w/m/d)","Neuenhagen, Brandenburg, Germany","https://www.linkedin.com/jobs/view/4415474747","","linkedin","2026-08-12"
"ABOUT YOU","Backend Engineer - BI APP (all genders)","Hamburg, Hamburg, Germany","https://www.linkedin.com/jobs/view/4401410471","","linkedin","2026-08-12"
"Strativ Group","Full Stack Engineer","Constance, Baden-Württemberg, Germany","https://www.linkedin.com/jobs/view/4453082301","","linkedin","2026-08-12"
"Spendit","DevOps Engineer (Platform & Cloud) (w/m/d)","Munich, Bavaria, Germany","https://www.linkedin.com/jobs/view/4450132884","","linkedin","2026-08-12"
"Ayunis / Locaboo","Platform Engineer / DevOps (m/f/d) | AI GovTech Startup | Munich","Munich, Bavaria, Germany","https://www.linkedin.com/jobs/view/4450132585","","linkedin","2026-08-12"
"Zalion","Platform Engineer","Munich, Bavaria, Germany","https://www.linkedin.com/jobs/view/4450176572","","linkedin","2026-08-12"
"Qvest Global","DevOps Engineer (m/w/d)","Halle, Saxony-Anhalt, Germany","https://www.linkedin.com/jobs/view/4450134429","","linkedin","2026-08-12"
"develop","DevOps Engineer","Munich, Bavaria, Germany","https://www.linkedin.com/jobs/view/4453076097","","linkedin","2026-08-12"
"Schwarz Digits KG","AI Engineer - Fokus MLOps (m/w/d)","Bad Friedrichshall, BW, DE","https://de.indeed.com/viewjob?jk=c5220d118f2a1666","fulltime","indeed","2026-08-12"
"Schwarz Corporate Solutions","AI Engineer - Fokus MLOps (m/w/d)","Bad Friedrichshall, BW, DE","https://de.indeed.com/viewjob?jk=26945367af1a4eea","fulltime","indeed","2026-08-12"
"STACKIT","Site Reliability Engineer / SRE - Cloud Storage - STACKIT (m/w/d)","Bad Friedrichshall, Baden-Württemberg, Germany","https://www.linkedin.com/jobs/view/4453117173","","linkedin","2026-08-12"
"Glamox","System Engineer","Seevetal, Lower Saxony, Germany","https://www.linkedin.com/jobs/view/4452751331","","linkedin","2026-08-12"
"AIP SERVICES GmbH","System Engineer (m/w/d)","Altenstadt, Hesse, Germany","https://www.linkedin.com/jobs/view/4452750795","","linkedin","2026-08-12"
"ALTEN","System Engineer (all gender)","","https://www.linkedin.com/jobs/view/4401920981","","linkedin","2026-08-12"
"STACKIT","Backend Developer - Cloud Storage - STACKIT (m/f/d)","Bad Friedrichshall, Baden-Württemberg, Germany","https://www.linkedin.com/jobs/view/4453121086","","linkedin","2026-08-12"
"JD.COM","Software Engineer","Düsseldorf, North Rhine-Westphalia, Germany","https://www.linkedin.com/jobs/view/4453134328","","linkedin","2026-08-12"
"Veloix","Full Stack Blockchain Developer","HE, DE","https://de.indeed.com/viewjob?jk=cd6c88a244cd306c","fulltime","indeed","2026-08-12"
"Airbus","Simulation Software Developer (m/f/d) for Eurodrone Virtual Engineering","Manching, BY, DE","https://de.indeed.com/viewjob?jk=07e204352b7d0600","fulltime","indeed","2026-08-12"
"A.Lange and Sohne","Full Stack Developer - Data & AI (m/w/d)","Glashütte, SN, DE","https://de.indeed.com/viewjob?jk=155e6f6f9900bb6a","fulltime","indeed","2026-08-12"
"Kyrall","Full-Stack Engineer (Frontend + Backend) (m/w/d)","Munich, Bavaria, Germany","https://www.linkedin.com/jobs/view/4453343922","","linkedin","2026-08-12"
"CleverPush","Softwareentwickler (Full Stack / Javascript) (all genders)","Hamburg, Germany","https://www.linkedin.com/jobs/view/4453060572","","linkedin","2026-08-12"
"Zellerfeld Shoe Company Inc.","Fullstack Developer","Hamburg, Hamburg, Germany","https://www.linkedin.com/jobs/view/4453124051","","linkedin","2026-08-12"
"Next Kraftwerke","Python Software Developer_in (w/m/d) Energy Forecasting & Aggregation","Cologne, North Rhine-Westphalia, Germany","https://www.linkedin.com/jobs/view/4453097029","","linkedin","2026-08-12"
"A. Lange & Söhne","Full Stack Developer - Data & AI (m/w/d)","Glashütte, Saxony, Germany","https://www.linkedin.com/jobs/view/4452390307","","linkedin","2026-08-12"
"OpenVPN","Senior DevOps / Platform Engineer","BE, DE","https://de.indeed.com/viewjob?jk=7bc6f6f4f0de5b9f","fulltime","indeed","2026-08-11"
"Poke & Wiggle","Full-Stack Engineer - Munich","Munich, Bavaria, Germany","https://www.linkedin.com/jobs/view/4449841833","","linkedin","2026-08-11"
"SISTRIX","Back-End-Entwickler:in","Bonn, North Rhine-Westphalia, Germany","https://www.linkedin.com/jobs/view/4452417164","","linkedin","2026-08-11"
"SymBio.","Software Developer (m/w/d)","Mannheim, Baden-Württemberg, Germany","https://www.linkedin.com/jobs/view/4451687835","","linkedin","2026-08-11"
"PAUL Tech AG","DevOps/ Platform Engineer (m/w/d)","Mannheim, Baden-Württemberg, Germany","https://www.linkedin.com/jobs/view/4452605153","","linkedin","2026-08-11"
"Scalian Germany AG","DevOps Engineer (m/w/d)*","Hamburg, Hamburg, Germany","https://www.linkedin.com/jobs/view/4451672438","","linkedin","2026-08-11"
"TRIOLOGY GmbH","DevOps Engineer (m/w/d)","Brunswick, Lower Saxony, Germany","https://www.linkedin.com/jobs/view/4452400376","","linkedin","2026-08-11"
"Medline International France","Cloud Engineer (m/f/d)","Kleve, NW, DE","https://de.indeed.com/viewjob?jk=8594dfce24a87381","","indeed","2026-08-11"
"Medline International France","Cloud Engineer (m/f/d)","Kleve, NW, DE","https://de.indeed.com/viewjob?jk=3bb9ca3c1ef9e485","","indeed","2026-08-11"
"ARISE GmbH","Technical Product Manager (m/f/d) with a Focus on Platforms","Köln, NW, DE","https://de.indeed.com/viewjob?jk=a18b0c82096078d4","fulltime","indeed","2026-08-11"
"ARISE GmbH","Technical Product Manager (m/f/d) with a Focus on Platforms","Leipzig, SN, DE","https://de.indeed.com/viewjob?jk=b6cc21448b467e2b","fulltime","indeed","2026-08-11"
"ARISE GmbH","Technical Product Manager (m/f/d) with a Focus on Platforms","München, BY, DE","https://de.indeed.com/viewjob?jk=dfb97f0890fde225","fulltime","indeed","2026-08-11"
"ARISE GmbH","Technical Product Manager (m/f/d) with a Focus on Platforms","Stuttgart, BW, DE","https://de.indeed.com/viewjob?jk=0a38495b79fe618d","fulltime","indeed","2026-08-11"
"ARISE GmbH","Technical Product Manager (m/f/d) with a Focus on Platforms","Düsseldorf, NW, DE","https://de.indeed.com/viewjob?jk=f9f49db435cca23f","fulltime","indeed","2026-08-11"
"Scalian Germany AG","Site Reliability Engineer (m/w/d)*","Stuttgart, Baden-Württemberg, Germany","https://www.linkedin.com/jobs/view/4451679221","","linkedin","2026-08-11"
"SEITENBAU GmbH","Site Reliability Engineer (m/w/d) - Konstanz, Berlin oder remote","Constance, Baden-Württemberg, Germany","https://www.linkedin.com/jobs/view/4451607044","","linkedin","2026-08-11"
"Hetzner","Software Developer Backend Go (m/w/d)","Falkenstein, Saxony, Germany","https://www.linkedin.com/jobs/view/4439204885","","linkedin","2026-08-11"
"Trusted Shops","Fullstack Engineer- Typescript, AWS, React (m/f/d)","Köln, NW, DE","https://de.indeed.com/viewjob?jk=2ecf64e0db39de9f","fulltime","indeed","2026-08-11"
"Soda Data","Senior Frontend Engineer (Full-stack)","DE","https://de.indeed.com/viewjob?jk=1cf7832cc73b1cce","","indeed","2026-08-11"
"Optimus Search","🔧 Fullstack Developer (Publishing/Media)","Frankfurt, Hesse, Germany","https://www.linkedin.com/jobs/view/4449868343","","linkedin","2026-08-11"
"node.energy","Senior Python Developer (w/m/d) - Remote","Frankfurt, Hesse, Germany","https://www.linkedin.com/jobs/view/4449858123","","linkedin","2026-08-11"
"adesso SE","Software Engineer Java EE (all genders)","Hamburg, Hamburg, Germany","https://www.linkedin.com/jobs/view/4442608428","","linkedin","2026-08-11"
"HDP GmbH","Solution Developer / Java Developer (m/w/d)","Alzey, Rhineland-Palatinate, Germany","https://www.linkedin.com/jobs/view/4451645619","","linkedin","2026-08-11"
"Greiner GmbH","Industrial Engineer (m/w/d) Industrialisierung, Produktionssysteme & Serienanlauf","Pleidelsheim, BW, DE","https://de.indeed.com/viewjob?jk=01d60affb1a5fde5","fulltime","indeed","2026-08-10"
"DeepImmo","Full-Stack Engineer (m/f/d)","Munich, Bavaria, Germany","https://www.linkedin.com/jobs/view/4449584198","","linkedin","2026-08-10"
"WSA","System Integration Engineer","Erlangen, BY, DE","https://de.indeed.com/viewjob?jk=1d7ddf4073e021dd","","indeed","2026-08-10"
"Virtusa","Software Engineer / Python","Munich, Bavaria, Germany","https://www.linkedin.com/jobs/view/4449804111","","linkedin","2026-08-10"
"EDEKA IT","Senior Java Developer (m/w/d)","Hamburg, Hamburg, Germany","https://www.linkedin.com/jobs/view/4449575765","","linkedin","2026-08-10"
"Vodafone","Senior Azure Cloud Engineer","Ratingen, NW, DE","https://de.indeed.com/viewjob?jk=89b854e5881bd133","fulltime","indeed","2026-07-13"
"Helsing","Site Reliability Engineer","Munich, Bavaria, Germany","https://www.linkedin.com/jobs/view/4341833890","","linkedin",""
"Haystack","Site Reliability Engineer","Baden-Württemberg, Germany","https://www.linkedin.com/jobs/view/4454239246","","linkedin",""
"Frequentis","System Engineer SDDS-NG (all genders)","Karlsruhe, Baden-Württemberg, Germany","https://www.linkedin.com/jobs/view/4385935606","","linkedin",""
"Frequentis","System Engineer SDDS-NG (m/w/d) - DE","Karlsruhe, Baden-Württemberg, Germany","https://www.linkedin.com/jobs/view/4386900352","","linkedin",""
"Scheidt & Bachmann","Systemingenieurin / Systemingenieur / System Engineer (m/w/d)","Mönchengladbach, North Rhine-Westphalia, Germany","https://www.linkedin.com/jobs/view/4425799702","","linkedin",""
"Incoretex GmbH","Full Stack Developer React / Node.js","Aachen, North Rhine-Westphalia, Germany","https://www.linkedin.com/jobs/view/4452209125","","linkedin",""
"Allgeier Inovar GmbH","Java Entwickler (m/w/d)","Ravensburg, Baden-Württemberg, Germany","https://www.linkedin.com/jobs/view/4384569078","","linkedin",""
